,exposure_index,employee_count,category,Org
0,8.006367567650246,8600,web services,Yahoo
1,8.101677747454572,919,AADHAR,UIDAI
2,8.006367567650246,8600,web services,Yahoo
3,6.984716320118266,150,social media,MySpace
4,7.620705086838262,263,web services,Exactis
5,5.799092654460526,5500,social media,Twitter
6,6.410174881966167,22516,e commerce,Adobe
7,6.396929655216146,802,health,MyFitnessPal
8,6.943122422819428,11200,web services,Equifax
9,6.76849321164863,13300,e commerce,ebay
10,6.529418838262226,1500,web services,Canva
11,6.4457198193855785,62939,health,Apollo
12,5.703782474656201,250,social media,Quora
13,5.214935757608986,2104,web services,Youku
14,5.541263545158426,44641,entertainment,Dailymotion
15,4.927253685157205,2548,web services,Dropbox
16,4.882801922586371,411,social media,tumblr
17,3.8958936234982624,872,e commerce,Bonobos
18,2.028148247292285,10300,web services,Pixlr
19,0.4054651081081644,2532,web services,Zoom
20,0.4054651081081644,6547,entertainment,Nintendo
21,1.8562979903656263,295941,e commerce,Hitachi Payment Services System
22,2.6390573296152584,245642,e commerce,SBI
23,6.214608098422191,10984,web services,Justdial
24,1.6486586255873816,423,e commerce,Multiple Indian Banks
25,4.382026634673881,660,e commerce,BigBasket
26,4.941642422609304,4859,education,Unacademy
27,3.1135153092103742,9993,airlines,Air India
28,6.579251212010101,14400,e commerce,Dominos
